0.0,0.0,0.12,1.0,0.0,0.0,6.123233995736766e-17,-1.05,0.0,0.0,1.85,-0.85,0.0,-1.05,0.0,0.0,1.85,-0.85,0.0,0.0,0.0,0.0,0.75,0.28,0.0,1.15,0.0,0.0,0.0,0.75,-0.28,0.0,1.15,0.0,0.0,0.0
0.0,0.0,0.12133333333333332,0.9999306051466773,0.0,0.0,0.011780699936749442,-1.0483333333333333,0.005833333333333333,0.0,1.8458333333333332,-0.8475,0.0,-1.0425,-0.0016666666666666668,0.0,1.8391666666666666,-0.8441666666666666,0.0,0.0,0.004166666666666667,0.0,0.7466666666666666,0.282,0.0,1.1483333333333332,0.0,0.0,0.0,0.7416666666666666,-0.2783333333333333,0.0,1.1466666666666665,0.0,0.0,0.0
0.0,0.0,0.12266666666666666,0.9997224302180006,0.0,0.0,0.023559764833610303,-1.0466666666666669,0.011666666666666665,0.0,1.8416666666666666,-0.845,0.0,-1.0350000000000001,-0.0033333333333333335,0.0,1.8283333333333334,-0.8383333333333334,0.0,0.0,0.008333333333333333,0.0,0.7433333333333333,0.28400000000000003,0.0,1.1466666666666665,0.0,0.0,0.0,0.7333333333333333,-0.2766666666666667,0.0,1.1433333333333333,0.0,0.0,0.0
0.0,0.0,0.124,0.999375504106507,0.0,0.0,0.03533555987762127,-1.045,0.017499999999999998,0.0,1.8375000000000001,-0.8425,0.0,-1.0274999999999999,-0.005000000000000001,0.0,1.8175000000000001,-0.8325,0.0,0.0,0.0125,0.0,0.7399999999999999,0.28600000000000003,0.0,1.1449999999999998,0.0,0.0,0.0,0.7249999999999999,-0.275,0.0,1.14,0.0,0.0,0.0
0.0,0.0,0.12533333333333332,0.99888987496197,0.0,0.0,0.04710645070964268,-1.0433333333333334,0.02333333333333333,0.0,1.8333333333333335,-0.84,0.0,-1.02,-0.006666666666666667,0.0,1.8066666666666669,-0.8266666666666667,0.0,0.0,0.016666666666666666,0.0,0.7366666666666666,0.28800000000000003,0.0,1.1433333333333333,0.0,0.0,0.0,0.7166666666666667,-0.2733333333333334,0.0,1.1366666666666665,0.0,0.0,0.0
0.0,0.0,0.12666666666666665,0.9982656101847159,0.0,0.0,0.058870803651189206,-1.0416666666666667,0.029166666666666664,0.0,1.8291666666666666,-0.8374999999999999,0.0,-1.0125,-0.008333333333333333,0.0,1.7958333333333334,-0.8208333333333332,0.0,0.0,0.020833333333333332,0.0,0.7333333333333334,0.29,0.0,1.1416666666666664,0.0,0.0,0.0,0.7083333333333334,-0.27166666666666667,0.0,1.133333333333333,0.0,0.0,0.0
0.0,0.0,0.128,0.99750279641627,0.0,0.0,0.07062698593116679,-1.04,0.034999999999999996,0.0,1.8250000000000002,-0.835,0.0,-1.0050000000000001,-0.010000000000000002,0.0,1.7850000000000001,-0.8150000000000001,0.0,0.0,0.025,0.0,0.7300000000000001,0.29200000000000004,0.0,1.14,0.0,0.0,0.0,0.7000000000000001,-0.2700000000000001,0.0,1.13,0.0,0.0,0.0
0.0,0.0,0.12933333333333333,0.9966015395273317,0.0,0.0,0.08237336591248595,-1.0383333333333333,0.04083333333333333,0.0,1.8208333333333335,-0.8324999999999999,0.0,-0.9974999999999999,-0.011666666666666667,0.0,1.7741666666666667,-0.8091666666666666,0.0,0.0,0.029166666666666667,0.0,0.7266666666666667,0.29400000000000004,0.0,1.1383333333333332,0.0,0.0,0.0,0.6916666666666667,-0.26833333333333337,0.0,1.1266666666666665,0.0,0.0,0.0
0.0,0.0,0.13066666666666665,0.99556196460308,0.0,0.0,0.09410831331851428,-1.0366666666666666,0.04666666666666666,0.0,1.8166666666666669,-0.8300000000000001,0.0,-0.99,-0.013333333333333334,0.0,1.7633333333333334,-0.8033333333333333,0.0,0.0,0.03333333333333333,0.0,0.7233333333333334,0.29600000000000004,0.0,1.1366666666666667,0.0,0.0,0.0,0.6833333333333333,-0.2666666666666667,0.0,1.1233333333333333,0.0,0.0,0.0
0.0,0.0,0.132,0.9943842159258137,0.0,0.0,0.1058301994593447,-1.035,0.0525,0.0,1.8125,-0.8274999999999999,0.0,-0.9824999999999999,-0.015,0.0,1.7525,-0.7974999999999999,0.0,0.0,0.0375,0.0,0.72,0.29800000000000004,0.0,1.135,0.0,0.0,0.0,0.6749999999999999,-0.265,0.0,1.1199999999999999,0.0,0.0,0.0
0.0,0.0,0.13333333333333333,0.9930684569549263,0.0,0.0,0.1175373974578377,-1.0333333333333334,0.05833333333333333,0.0,1.8083333333333333,-0.8250000000000001,0.0,-0.9750000000000001,-0.016666666666666666,0.0,1.7416666666666667,-0.7916666666666667,0.0,0.0,0.041666666666666664,0.0,0.7166666666666667,0.30000000000000004,0.0,1.1333333333333333,0.0,0.0,0.0,0.6666666666666666,-0.26333333333333336,0.0,1.1166666666666667,0.0,0.0,0.0
0.0,0.0,0.13466666666666666,0.9916148703042192,0.0,0.0,0.1292282824754179,-1.0316666666666667,0.06416666666666666,0.0,1.8041666666666667,-0.8224999999999999,0.0,-0.9675,-0.018333333333333333,0.0,1.7308333333333334,-0.7858333333333333,0.0,0.0,0.04583333333333333,0.0,0.7133333333333334,0.30200000000000005,0.0,1.1316666666666666,0.0,0.0,0.0,0.6583333333333333,-0.26166666666666666,0.0,1.1133333333333333,0.0,0.0,0.0
0.0,0.0,0.136,0.9900236577165575,0.0,0.0,0.1409012319375828,-1.03,0.06999999999999999,0.0,1.8000000000000003,-0.8200000000000001,0.0,-0.9600000000000001,-0.020000000000000004,0.0,1.7200000000000002,-0.78,0.0,0.0,0.05,0.0,0.7100000000000001,0.30400000000000005,0.0,1.13,0.0,0.0,0.0,0.6500000000000001,-0.26,0.0,1.1099999999999999,0.0,0.0,0.0
0.0,0.0,0.13733333333333334,0.9882950400358694,0.0,0.0,0.15255462575910092,-1.0283333333333333,0.07583333333333334,0.0,1.7958333333333334,-0.8174999999999999,0.0,-0.9525,-0.021666666666666667,0.0,1.7091666666666667,-0.7741666666666667,0.0,0.0,0.05416666666666667,0.0,0.7066666666666667,0.30600000000000005,0.0,1.1283333333333332,0.0,0.0,0.0,0.6416666666666667,-0.25833333333333336,0.0,1.1066666666666667,0.0,0.0,0.0
0.0,0.0,0.13866666666666666,0.9864292571764954,0.0,0.0,0.16418684656886295,-1.0266666666666666,0.08166666666666667,0.0,1.7916666666666665,-0.815,0.0,-0.945,-0.023333333333333334,0.0,1.6983333333333333,-0.7683333333333333,0.0,0.0,0.058333333333333334,0.0,0.7033333333333334,0.308,0.0,1.1266666666666665,0.0,0.0,0.0,0.6333333333333333,-0.25666666666666665,0.0,1.103333333333333,0.0,0.0,0.0
0.0,0.0,0.14,0.9844265680898917,0.0,0.0,0.17579627993435445,-1.0250000000000001,0.0875,0.0,1.7875,-0.8125,0.0,-0.9375000000000001,-0.025,0.0,1.6875000000000002,-0.7625,0.0,0.0,0.0625,0.0,0.7,0.31000000000000005,0.0,1.125,0.0,0.0,0.0,0.625,-0.255,0.0,1.0999999999999999,0.0,0.0,0.0
0.0,0.0,0.14133333333333334,0.9822872507286887,0.0,0.0,0.18738131458572452,-1.0233333333333334,0.09333333333333332,0.0,1.7833333333333337,-0.81,0.0,-0.9300000000000002,-0.02666666666666667,0.0,1.676666666666667,-0.7566666666666667,0.0,0.0,0.06666666666666667,0.0,0.6966666666666668,0.31200000000000006,0.0,1.1233333333333335,0.0,0.0,0.0,0.6166666666666667,-0.25333333333333335,0.0,1.0966666666666667,0.0,0.0,0.0
0.0,0.0,0.14266666666666666,0.9800116020081155,0.0,0.0,0.1989403426394126,-1.0216666666666667,0.09916666666666665,0.0,1.7791666666666668,-0.8074999999999999,0.0,-0.9225000000000001,-0.028333333333333335,0.0,1.6658333333333335,-0.7508333333333332,0.0,0.0,0.07083333333333333,0.0,0.6933333333333334,0.31400000000000006,0.0,1.1216666666666666,0.0,0.0,0.0,0.6083333333333333,-0.2516666666666667,0.0,1.0933333333333333,0.0,0.0,0.0
0.0,0.0,0.144,0.9775999377647907,0.0,0.0,0.21047175982130562,-1.02,0.105,0.0,1.775,-0.8049999999999999,0.0,-0.915,-0.03,0.0,1.6549999999999998,-0.745,0.0,0.0,0.075,0.0,0.69,0.316,0.0,1.1199999999999999,0.0,0.0,0.0,0.5999999999999999,-0.25,0.0,1.0899999999999999,0.0,0.0,0.0
0.0,0.0,0.14533333333333334,0.9750525927128869,0.0,0.0,0.2219739656893959,-1.0183333333333333,0.11083333333333333,0.0,1.7708333333333335,-0.8025,0.0,-0.9075,-0.03166666666666667,0.0,1.6441666666666666,-0.7391666666666666,0.0,0.0,0.07916666666666666,0.0,0.6866666666666666,0.31800000000000006,0.0,1.1183333333333332,0.0,0.0,0.0,0.5916666666666666,-0.24833333333333335,0.0,1.0866666666666664,0.0,0.0,0.0
0.0,0.0,0.14666666666666667,0.9723699203976767,0.0,0.0,0.23344536385590525,-1.0166666666666666,0.11666666666666665,0.0,1.766666666666667,-0.8,0.0,-0.9,-0.03333333333333333,0.0,1.6333333333333335,-0.7333333333333334,0.0,0.0,0.08333333333333333,0.0,0.6833333333333333,0.32000000000000006,0.0,1.1166666666666667,0.0,0.0,0.0,0.5833333333333334,-0.2466666666666667,0.0,1.0833333333333335,0.0,0.0,0.0
0.0,0.0,0.148,0.9695522931464635,0.0,0.0,0.24488436220884752,-1.0150000000000001,0.12249999999999998,0.0,1.7625000000000002,-0.7975,0.0,-0.8925000000000001,-0.034999999999999996,0.0,1.6225,-0.7275,0.0,0.0,0.0875,0.0,0.68,0.322,0.0,1.115,0.0,0.0,0.0,0.5750000000000001,-0.24500000000000002,0.0,1.0799999999999998,0.0,0.0,0.0
0.0,0.0,0.14933333333333332,0.9666001020169073,0.0,0.0,0.25628937313299677,-1.0133333333333332,0.12833333333333333,0.0,1.7583333333333333,-0.7949999999999999,0.0,-0.885,-0.03666666666666667,0.0,1.6116666666666666,-0.7216666666666667,0.0,0.0,0.09166666666666666,0.0,0.6766666666666666,0.324,0.0,1.1133333333333333,0.0,0.0,0.0,0.5666666666666667,-0.24333333333333335,0.0,1.0766666666666667,0.0,0.0,0.0
0.0,0.0,0.15066666666666667,0.9635137567427488,0.0,0.0,0.26765881373023237,-1.0116666666666667,0.13416666666666666,0.0,1.7541666666666669,-0.7925,0.0,-0.8775000000000001,-0.03833333333333334,0.0,1.6008333333333333,-0.7158333333333333,0.0,0.0,0.09583333333333334,0.0,0.6733333333333333,0.32600000000000007,0.0,1.1116666666666666,0.0,0.0,0.0,0.5583333333333333,-0.2416666666666667,0.0,1.0733333333333333,0.0,0.0,0.0
0.0,0.0,0.15200000000000002,0.9602936856769431,0.0,0.0,0.2789911060392293,-1.01,0.13999999999999999,0.0,1.7500000000000002,-0.79,0.0,-0.87,-0.04000000000000001,0.0,1.59,-0.71,0.0,0.0,0.1,0.0,0.6699999999999999,0.32800000000000007,0.0,1.1099999999999999,0.0,0.0,0.0,0.5499999999999999,-0.24,0.0,1.0699999999999998,0.0,0.0,0.0
0.0,0.0,0.15333333333333332,0.9569403357322088,0.0,0.0,0.2902846772544625,-1.0083333333333333,0.14583333333333334,0.0,1.7458333333333333,-0.7874999999999999,0.0,-0.8624999999999999,-0.04166666666666667,0.0,1.5791666666666666,-0.7041666666666666,0.0,0.0,0.10416666666666667,0.0,0.6666666666666666,0.33,0.0,1.1083333333333332,0.0,0.0,0.0,0.5416666666666666,-0.23833333333333334,0.0,1.0666666666666664,0.0,0.0,0.0
0.0,0.0,0.15466666666666667,0.9534541723190012,0.0,0.0,0.3015379599444958,-1.0066666666666666,0.15166666666666667,0.0,1.7416666666666667,-0.7849999999999999,0.0,-0.855,-0.043333333333333335,0.0,1.5683333333333334,-0.6983333333333333,0.0,0.0,0.10833333333333334,0.0,0.6633333333333333,0.332,0.0,1.1066666666666667,0.0,0.0,0.0,0.5333333333333333,-0.2366666666666667,0.0,1.0633333333333332,0.0,0.0,0.0
0.0,0.0,0.15600000000000003,0.9498356792809177,0.0,0.0,0.3127493922695257,-1.0050000000000001,0.1575,0.0,1.7375000000000003,-0.7825,0.0,-0.8475000000000001,-0.045000000000000005,0.0,1.5575,-0.6925,0.0,0.0,0.1125,0.0,0.66,0.3340000000000001,0.0,1.105,0.0,0.0,0.0,0.525,-0.23500000000000004,0.0,1.06,0.0,0.0,0.0
0.0,0.0,0.15733333333333333,0.9460853588275453,0.0,0.0,0.3239174181981494,-1.0033333333333334,0.16333333333333333,0.0,1.7333333333333334,-0.78,0.0,-0.8400000000000001,-0.04666666666666667,0.0,1.5466666666666666,-0.6866666666666666,0.0,0.0,0.11666666666666667,0.0,0.6566666666666667,0.336,0.0,1.1033333333333333,0.0,0.0,0.0,0.5166666666666667,-0.23333333333333334,0.0,1.0566666666666666,0.0,0.0,0.0
0.0,0.0,0.15866666666666668,0.9422037314647598,0.0,0.0,0.335040487723324,-1.0016666666666667,0.16916666666666666,0.0,1.7291666666666667,-0.7774999999999999,0.0,-0.8325,-0.04833333333333334,0.0,1.5358333333333332,-0.6808333333333333,0.0,0.0,0.12083333333333333,0.0,0.6533333333333333,0.338,0.0,1.1016666666666666,0.0,0.0,0.0,0.5083333333333333,-0.23166666666666666,0.0,1.0533333333333332,0.0,0.0,0.0
0.0,0.0,0.16,0.9381913359224842,0.0,0.0,0.346117057077493,-1.0,0.175,0.0,1.725,-0.7749999999999999,0.0,-0.825,-0.05,0.0,1.525,-0.675,0.0,0.0,0.125,0.0,0.65,0.34,0.0,1.1,0.0,0.0,0.0,0.5,-0.23,0.0,1.0499999999999998,0.0,0.0,0.0
0.0,0.0,0.16133333333333333,0.9340487290799185,0.0,0.0,0.3571455889468453,-0.9983333333333333,0.18083333333333335,0.0,1.7208333333333334,-0.7725,0.0,-0.8174999999999999,-0.05166666666666667,0.0,1.5141666666666667,-0.6691666666666667,0.0,0.0,0.12916666666666668,0.0,0.6466666666666667,0.342,0.0,1.0983333333333332,0.0,0.0,0.0,0.4916666666666666,-0.22833333333333333,0.0,1.0466666666666664,0.0,0.0,0.0
0.0,0.0,0.16266666666666668,0.9297764858882515,0.0,0.0,0.36812455268467786,-0.9966666666666666,0.18666666666666665,0.0,1.7166666666666668,-0.77,0.0,-0.81,-0.05333333333333334,0.0,1.5033333333333334,-0.6633333333333333,0.0,0.0,0.13333333333333333,0.0,0.6433333333333333,0.34400000000000003,0.0,1.0966666666666667,0.0,0.0,0.0,0.4833333333333333,-0.22666666666666668,0.0,1.0433333333333332,0.0,0.0,0.0
0.0,0.0,0.164,0.9253751992908621,0.0,0.0,0.37905242452383464,-0.9949999999999999,0.1925,0.0,1.7125,-0.7675,0.0,-0.8025,-0.05500000000000001,0.0,1.4925,-0.6575,0.0,0.0,0.1375,0.0,0.64,0.34600000000000003,0.0,1.0950000000000002,0.0,0.0,0.0,0.475,-0.225,0.0,1.04,0.0,0.0,0.0
0.0,0.0,0.16533333333333333,0.9208454801410263,0.0,0.0,0.38992768778818826,-0.9933333333333334,0.1983333333333333,0.0,1.7083333333333335,-0.7649999999999999,0.0,-0.7949999999999999,-0.05666666666666667,0.0,1.4816666666666667,-0.6516666666666666,0.0,0.0,0.14166666666666666,0.0,0.6366666666666667,0.34800000000000003,0.0,1.0933333333333333,0.0,0.0,0.0,0.4666666666666667,-0.22333333333333333,0.0,1.0366666666666666,0.0,0.0,0.0
0.0,0.0,0.16666666666666669,0.9161879571171359,0.0,0.0,0.4007488331031411,-0.9916666666666667,0.20416666666666666,0.0,1.7041666666666666,-0.7625,0.0,-0.7875000000000001,-0.05833333333333334,0.0,1.4708333333333332,-0.6458333333333333,0.0,0.0,0.14583333333333334,0.0,0.6333333333333333,0.35000000000000003,0.0,1.0916666666666666,0.0,0.0,0.0,0.45833333333333337,-0.22166666666666668,0.0,1.0333333333333332,0.0,0.0,0.0
0.0,0.0,0.16799999999999998,0.9114032766354453,0.0,0.0,0.41151435860510865,-0.99,0.21,0.0,1.7000000000000002,-0.76,0.0,-0.78,-0.06,0.0,1.46,-0.64,0.0,0.0,0.15,0.0,0.6300000000000001,0.352,0.0,1.0899999999999999,0.0,0.0,0.0,0.45000000000000007,-0.22000000000000003,0.0,1.0299999999999998,0.0,0.0,0.0
0.0,0.0,0.16933333333333334,0.9064921027603547,0.0,0.0,0.42222277014996545,-0.9883333333333333,0.21583333333333332,0.0,1.6958333333333333,-0.7575,0.0,-0.7725,-0.061666666666666675,0.0,1.4491666666666667,-0.6341666666666667,0.0,0.0,0.15416666666666667,0.0,0.6266666666666667,0.35400000000000004,0.0,1.0883333333333334,0.0,0.0,0.0,0.44166666666666665,-0.21833333333333332,0.0,1.0266666666666666,0.0,0.0,0.0
0.0,0.0,0.1706666666666667,0.9014551171122457,0.0,0.0,0.4328725815204139,-0.9866666666666666,0.22166666666666665,0.0,1.6916666666666669,-0.755,0.0,-0.765,-0.06333333333333334,0.0,1.4383333333333335,-0.6283333333333334,0.0,0.0,0.15833333333333333,0.0,0.6233333333333333,0.35600000000000004,0.0,1.0866666666666667,0.0,0.0,0.0,0.43333333333333335,-0.21666666666666667,0.0,1.0233333333333332,0.0,0.0,0.0
0.0,0.0,0.172,0.8962930187728787,0.0,0.0,0.4434623146322583,-0.9849999999999999,0.22749999999999998,0.0,1.6875,-0.7525,0.0,-0.7575000000000001,-0.065,0.0,1.4275,-0.6225,0.0,0.0,0.1625,0.0,0.62,0.358,0.0,1.085,0.0,0.0,0.0,0.42499999999999993,-0.215,0.0,1.02,0.0,0.0,0.0
0.0,0.0,0.17333333333333334,0.8910065241883678,0.0,0.0,0.4539904997395468,-0.9833333333333334,0.2333333333333333,0.0,1.6833333333333336,-0.75,0.0,-0.75,-0.06666666666666667,0.0,1.4166666666666667,-0.6166666666666667,0.0,0.0,0.16666666666666666,0.0,0.6166666666666667,0.36,0.0,1.0833333333333333,0.0,0.0,0.0,0.41666666666666663,-0.21333333333333335,0.0,1.0166666666666666,0.0,0.0,0.0
0.0,0.0,0.1746666666666667,0.8855963670697459,0.0,0.0,0.4644556756385565,-0.9816666666666667,0.23916666666666667,0.0,1.6791666666666667,-0.7475,0.0,-0.7424999999999999,-0.06833333333333334,0.0,1.4058333333333333,-0.6108333333333333,0.0,0.0,0.17083333333333334,0.0,0.6133333333333333,0.36200000000000004,0.0,1.0816666666666666,0.0,0.0,0.0,0.4083333333333333,-0.21166666666666667,0.0,1.0133333333333332,0.0,0.0,0.0
0.0,0.0,0.176,0.880063298291132,0.0,0.0,0.47485638987059453,-0.98,0.24499999999999997,0.0,1.675,-0.7449999999999999,0.0,-0.7350000000000001,-0.06999999999999999,0.0,1.395,-0.605,0.0,0.0,0.175,0.0,0.6100000000000001,0.364,0.0,1.08,0.0,0.0,0.0,0.4,-0.21000000000000002,0.0,1.01,0.0,0.0,0.0
0.0,0.0,0.17733333333333334,0.8744080857855189,0.0,0.0,0.48519119892358387,-0.9783333333333333,0.2508333333333333,0.0,1.6708333333333334,-0.7424999999999999,0.0,-0.7275,-0.07166666666666667,0.0,1.3841666666666668,-0.5991666666666666,0.0,0.0,0.17916666666666667,0.0,0.6066666666666667,0.366,0.0,1.0783333333333334,0.0,0.0,0.0,0.39166666666666666,-0.20833333333333334,0.0,1.0066666666666666,0.0,0.0,0.0
0.0,0.0,0.17866666666666667,0.8686315144381912,0.0,0.0,0.49545866843240755,-0.9766666666666666,0.25666666666666665,0.0,1.6666666666666667,-0.74,0.0,-0.72,-0.07333333333333333,0.0,1.3733333333333333,-0.5933333333333334,0.0,0.0,0.18333333333333332,0.0,0.6033333333333334,0.368,0.0,1.0766666666666667,0.0,0.0,0.0,0.38333333333333336,-0.20666666666666667,0.0,1.0033333333333332,0.0,0.0,0.0
0.0,0.0,0.18000000000000002,0.8627343859777918,0.0,0.0,0.5056573733779846,-0.9749999999999999,0.26249999999999996,0.0,1.6625,-0.7374999999999999,0.0,-0.7124999999999999,-0.07500000000000001,0.0,1.3624999999999998,-0.5875,0.0,0.0,0.1875,0.0,0.6000000000000001,0.37000000000000005,0.0,1.0750000000000002,0.0,0.0,0.0,0.375,-0.20500000000000002,0.0,0.9999999999999999,0.0,0.0,0.0
0.0,0.0,0.18133333333333335,0.8567175188650495,0.0,0.0,0.5157858982850475,-0.9733333333333334,0.2683333333333333,0.0,1.6583333333333334,-0.7349999999999999,0.0,-0.705,-0.07666666666666667,0.0,1.3516666666666666,-0.5816666666666667,0.0,0.0,0.19166666666666668,0.0,0.5966666666666667,0.372,0.0,1.0733333333333333,0.0,0.0,0.0,0.36666666666666664,-0.20333333333333334,0.0,0.9966666666666666,0.0,0.0,0.0
0.0,0.0,0.18266666666666667,0.8505817481791863,0.0,0.0,0.5258428374185953,-0.9716666666666667,0.27416666666666667,0.0,1.6541666666666668,-0.7325,0.0,-0.6975,-0.07833333333333334,0.0,1.3408333333333333,-0.5758333333333333,0.0,0.0,0.19583333333333333,0.0,0.5933333333333334,0.374,0.0,1.0716666666666668,0.0,0.0,0.0,0.35833333333333334,-0.20166666666666666,0.0,0.9933333333333333,0.0,0.0,0.0
0.0,0.0,0.18400000000000002,0.8443279255020151,0.0,0.0,0.5358267949789965,-0.97,0.27999999999999997,0.0,1.6500000000000001,-0.7299999999999999,0.0,-0.69,-0.08000000000000002,0.0,1.3299999999999998,-0.57,0.0,0.0,0.2,0.0,0.5900000000000001,0.37600000000000006,0.0,1.07,0.0,0.0,0.0,0.35,-0.19999999999999998,0.0,0.99,0.0,0.0,0.0
0.0,0.0,0.18533333333333332,0.8379569187997511,0.0,0.0,0.5457363852957098,-0.9683333333333333,0.28583333333333333,0.0,1.6458333333333335,-0.7275,0.0,-0.6825,-0.08166666666666667,0.0,1.3191666666666668,-0.5641666666666667,0.0,0.0,0.20416666666666666,0.0,0.5866666666666667,0.378,0.0,1.0683333333333334,0.0,0.0,0.0,0.3416666666666667,-0.19833333333333333,0.0,0.9866666666666666,0.0,0.0,0.0
0.0,0.0,0.18666666666666668,0.8314696123025452,0.0,0.0,0.5555702330196023,-0.9666666666666666,0.2916666666666667,0.0,1.6416666666666668,-0.725,0.0,-0.6749999999999999,-0.08333333333333334,0.0,1.3083333333333333,-0.5583333333333333,0.0,0.0,0.20833333333333334,0.0,0.5833333333333334,0.38,0.0,1.0666666666666667,0.0,0.0,0.0,0.3333333333333333,-0.19666666666666666,0.0,0.9833333333333332,0.0,0.0,0.0
0.0,0.0,0.188,0.8248669063817634,0.0,0.0,0.5653269733138329,-0.9650000000000001,0.2975,0.0,1.6375000000000002,-0.7224999999999999,0.0,-0.6675,-0.085,0.0,1.2975,-0.5525,0.0,0.0,0.2125,0.0,0.5800000000000001,0.382,0.0,1.065,0.0,0.0,0.0,0.325,-0.195,0.0,0.98,0.0,0.0,0.0
0.0,0.0,0.18933333333333333,0.8181497174250235,0.0,0.0,0.5750052520432785,-0.9633333333333334,0.30333333333333334,0.0,1.6333333333333333,-0.72,0.0,-0.66,-0.08666666666666667,0.0,1.2866666666666666,-0.5466666666666666,0.0,0.0,0.21666666666666667,0.0,0.5766666666666667,0.384,0.0,1.0633333333333332,0.0,0.0,0.0,0.31666666666666665,-0.19333333333333333,0.0,0.9766666666666667,0.0,0.0,0.0
0.0,0.0,0.19066666666666668,0.8113189777090101,0.0,0.0,0.5846037259624736,-0.9616666666666667,0.30916666666666665,0.0,1.6291666666666667,-0.7175,0.0,-0.6525,-0.08833333333333333,0.0,1.2758333333333332,-0.5408333333333334,0.0,0.0,0.22083333333333333,0.0,0.5733333333333334,0.386,0.0,1.0616666666666668,0.0,0.0,0.0,0.30833333333333335,-0.19166666666666668,0.0,0.9733333333333333,0.0,0.0,0.0
0.0,0.0,0.192,0.8043756352700846,0.0,0.0,0.5941210629020385,-0.96,0.315,0.0,1.6250000000000002,-0.715,0.0,-0.645,-0.09000000000000001,0.0,1.2650000000000001,-0.535,0.0,0.0,0.225,0.0,0.5700000000000001,0.388,0.0,1.06,0.0,0.0,0.0,0.3,-0.19,0.0,0.97,0.0,0.0,0.0
0.0,0.0,0.19333333333333336,0.7973206537727072,0.0,0.0,0.6035559419535713,-0.9583333333333333,0.3208333333333333,0.0,1.6208333333333336,-0.7124999999999999,0.0,-0.6375,-0.09166666666666667,0.0,1.2541666666666667,-0.5291666666666667,0.0,0.0,0.22916666666666666,0.0,0.5666666666666667,0.39,0.0,1.0583333333333333,0.0,0.0,0.0,0.2916666666666667,-0.18833333333333332,0.0,0.9666666666666666,0.0,0.0,0.0
0.0,0.0,0.19466666666666668,0.7901550123756904,0.0,0.0,0.6129070536529764,-0.9566666666666666,0.32666666666666666,0.0,1.6166666666666667,-0.71,0.0,-0.6299999999999999,-0.09333333333333334,0.0,1.2433333333333332,-0.5233333333333333,0.0,0.0,0.23333333333333334,0.0,0.5633333333333335,0.392,0.0,1.0566666666666666,0.0,0.0,0.0,0.2833333333333333,-0.18666666666666665,0.0,0.9633333333333333,0.0,0.0,0.0
0.0,0.0,0.196,0.7828797055963016,0.0,0.0,0.6221731001622041,-0.9550000000000001,0.33249999999999996,0.0,1.6125,-0.7075,0.0,-0.6225,-0.095,0.0,1.2325,-0.5175000000000001,0.0,0.0,0.2375,0.0,0.56,0.394,0.0,1.055,0.0,0.0,0.0,0.275,-0.185,0.0,0.96,0.0,0.0,0.0
0.0,0.0,0.19733333333333336,0.7754957431722345,0.0,0.0,0.6313527954493776,-0.9533333333333334,0.3383333333333333,0.0,1.6083333333333336,-0.705,0.0,-0.615,-0.09666666666666668,0.0,1.2216666666666667,-0.5116666666666667,0.0,0.0,0.24166666666666667,0.0,0.5566666666666668,0.396,0.0,1.0533333333333335,0.0,0.0,0.0,0.26666666666666666,-0.18333333333333332,0.0,0.9566666666666667,0.0,0.0,0.0
0.0,0.0,0.19866666666666666,0.7680041499214678,0.0,0.0,0.640444865467281,-0.9516666666666667,0.3441666666666666,0.0,1.6041666666666667,-0.7024999999999999,0.0,-0.6075,-0.09833333333333333,0.0,1.2108333333333334,-0.5058333333333334,0.0,0.0,0.24583333333333332,0.0,0.5533333333333335,0.398,0.0,1.0516666666666667,0.0,0.0,0.0,0.25833333333333336,-0.18166666666666667,0.0,0.9533333333333334,0.0,0.0,0.0
0.0,0.0,0.2,0.760405965600031,0.0,0.0,0.6494480483301835,-0.95,0.35,0.0,1.6,-0.7,0.0,-0.6,-0.1,0.0,1.2,-0.5,0.0,0.0,0.25,0.0,0.55,0.4,0.0,1.05,0.0,0.0,0.0,0.25,-0.18,0.0,0.95,0.0,0.0,0.0
0.0,0.0,0.20416666666666666,0.7528988457262548,0.0,0.0,0.658136253449142,-0.9458333333333333,0.3441666666666666,0.0,1.5924999999999998,-0.6974999999999999,0.0,-0.6016666666666667,-0.09833333333333333,0.0,1.1991666666666667,-0.5008333333333334,0.0,0.0,0.24583333333333332,0.0033333333333333335,0.5475000000000001,0.3963333333333333,0.0,1.047,0.0,0.0,0.0,0.2525,-0.18,0.0,0.9486666666666665,0.0,0.0,0.0
0.0,0.0,0.20833333333333337,0.7452924623458235,0.0,0.0,0.6667376887281079,-0.9416666666666667,0.3383333333333333,0.0,1.5850000000000002,-0.695,0.0,-0.6033333333333333,-0.09666666666666668,0.0,1.1983333333333333,-0.5016666666666667,0.0,0.0,0.24166666666666667,0.006666666666666667,0.545,0.3926666666666667,0.0,1.044,0.0,0.0,0.0,0.255,-0.18,0.0,0.9473333333333334,0.0,0.0,0.0
0.0,0.0,0.2125,0.7375878182976863,0.0,0.0,0.6752512201387416,-0.9375,0.33249999999999996,0.0,1.5775000000000001,-0.6924999999999999,0.0,-0.605,-0.095,0.0,1.1974999999999998,-0.5025,0.0,0.0,0.2375,0.010000000000000002,0.5425,0.389,0.0,1.041,0.0,0.0,0.0,0.2575,-0.18,0.0,0.946,0.0,0.0,0.0
0.0,0.0,0.21666666666666667,0.7297859293756517,0.0,0.0,0.6836757252421036,-0.9333333333333332,0.32666666666666666,0.0,1.57,-0.69,0.0,-0.6066666666666666,-0.09333333333333334,0.0,1.1966666666666665,-0.5033333333333333,0.0,0.0,0.23333333333333334,0.013333333333333334,0.54,0.38533333333333336,0.0,1.038,0.0,0.0,0.0,0.26,-0.18,0.0,0.9446666666666665,0.0,0.0,0.0
0.0,0.0,0.22083333333333335,0.7218878241944625,0.0,0.0,0.6920100933366397,-0.9291666666666666,0.3208333333333333,0.0,1.5625,-0.6875,0.0,-0.6083333333333333,-0.09166666666666667,0.0,1.1958333333333333,-0.5041666666666667,0.0,0.0,0.22916666666666666,0.016666666666666666,0.5375,0.3816666666666667,0.0,1.035,0.0,0.0,0.0,0.2625,-0.18,0.0,0.9433333333333332,0.0,0.0,0.0
0.0,0.0,0.22500000000000003,0.7138945440541834,0.0,0.0,0.7002532256046162,-0.9249999999999999,0.315,0.0,1.5550000000000002,-0.685,0.0,-0.61,-0.09000000000000001,0.0,1.195,-0.505,0.0,0.0,0.225,0.020000000000000004,0.535,0.37800000000000006,0.0,1.032,0.0,0.0,0.0,0.265,-0.18,0.0,0.942,0.0,0.0,0.0
0.0,0.0,0.22916666666666669,0.7058071428029116,0.0,0.0,0.7084040352569926,-0.9208333333333333,0.30916666666666665,0.0,1.5474999999999999,-0.6825,0.0,-0.6116666666666666,-0.08833333333333333,0.0,1.1941666666666664,-0.5058333333333334,0.0,0.0,0.22083333333333333,0.023333333333333334,0.5325,0.37433333333333335,0.0,1.029,0.0,0.0,0.0,0.2675,-0.18,0.0,0.9406666666666667,0.0,0.0,0.0
0.0,0.0,0.23333333333333334,0.6976266866978379,0.0,0.0,0.7164614476767028,-0.9166666666666667,0.30333333333333334,0.0,1.54,-0.68,0.0,-0.6133333333333333,-0.08666666666666667,0.0,1.1933333333333334,-0.5066666666666667,0.0,0.0,0.21666666666666667,0.02666666666666667,0.53,0.3706666666666667,0.0,1.026,0.0,0.0,0.0,0.27,-0.18,0.0,0.9393333333333334,0.0,0.0,0.0
0.0,0.0,0.23750000000000002,0.6893542542646678,0.0,0.0,0.7244244005603371,-0.9125,0.2975,0.0,1.5325000000000002,-0.6775,0.0,-0.615,-0.085,0.0,1.1925,-0.5075,0.0,0.0,0.2125,0.03,0.5275000000000001,0.36700000000000005,0.0,1.023,0.0,0.0,0.0,0.27249999999999996,-0.18,0.0,0.938,0.0,0.0,0.0
0.0,0.0,0.2416666666666667,0.6809909361554282,0.0,0.0,0.7322918440581963,-0.9083333333333333,0.2916666666666667,0.0,1.5250000000000001,-0.675,0.0,-0.6166666666666667,-0.08333333333333334,0.0,1.1916666666666667,-0.5083333333333333,0.0,0.0,0.20833333333333334,0.03333333333333333,0.525,0.3633333333333334,0.0,1.02,0.0,0.0,0.0,0.275,-0.18,0.0,0.9366666666666666,0.0,0.0,0.0
0.0,0.0,0.24583333333333332,0.6725378350046727,0.0,0.0,0.7400627409127064,-0.9041666666666666,0.28583333333333333,0.0,1.5174999999999998,-0.6725,0.0,-0.6183333333333333,-0.08166666666666667,0.0,1.1908333333333332,-0.5091666666666667,0.0,0.0,0.20416666666666666,0.03666666666666667,0.5225000000000001,0.35966666666666663,0.0,1.017,0.0,0.0,0.0,0.27749999999999997,-0.18,0.0,0.9353333333333332,0.0,0.0,0.0
0.0,0.0,0.25000000000000006,0.663996065284109,0.0,0.0,0.7477360665951731,-0.9,0.27999999999999997,0.0,1.5100000000000002,-0.6699999999999999,0.0,-0.62,-0.08000000000000002,0.0,1.19,-0.51,0.0,0.0,0.2,0.04000000000000001,0.52,0.35600000000000004,0.0,1.014,0.0,0.0,0.0,0.28,-0.18,0.0,0.934,0.0,0.0,0.0
0.0,0.0,0.25416666666666665,0.655366753155665,0.0,0.0,0.7553108094408564,-0.8958333333333333,0.27416666666666667,0.0,1.5025,-0.6675,0.0,-0.6216666666666666,-0.07833333333333334,0.0,1.1891666666666665,-0.5108333333333334,0.0,0.0,0.19583333333333333,0.043333333333333335,0.5175000000000001,0.35233333333333333,0.0,1.0110000000000001,0.0,0.0,0.0,0.2825,-0.18,0.0,0.9326666666666666,0.0,0.0,0.0
0.0,0.0,0.2583333333333333,0.646651036323013,0.0,0.0,0.7627859707823508,-0.8916666666666666,0.2683333333333333,0.0,1.4949999999999999,-0.665,0.0,-0.6233333333333333,-0.07666666666666666,0.0,1.1883333333333332,-0.5116666666666667,0.0,0.0,0.19166666666666665,0.04666666666666667,0.515,0.3486666666666666,0.0,1.008,0.0,0.0,0.0,0.285,-0.18,0.0,0.9313333333333333,0.0,0.0,0.0
0.0,0.0,0.2625,0.6378500638815741,0.0,0.0,0.770160565081251,-0.8875,0.26249999999999996,0.0,1.4875000000000003,-0.6624999999999999,0.0,-0.625,-0.07500000000000001,0.0,1.1875,-0.5125,0.0,0.0,0.1875,0.05,0.5125000000000001,0.34500000000000003,0.0,1.0050000000000001,0.0,0.0,0.0,0.2875,-0.18,0.0,0.9299999999999999,0.0,0.0,0.0
0.0,0.0,0.2666666666666667,0.6289649961670178,0.0,0.0,0.7774336200580878,-0.8833333333333333,0.25666666666666665,0.0,1.4800000000000002,-0.6599999999999999,0.0,-0.6266666666666667,-0.07333333333333335,0.0,1.1866666666666665,-0.5133333333333334,0.0,0.0,0.18333333333333335,0.05333333333333334,0.51,0.3413333333333334,0.0,1.0020000000000002,0.0,0.0,0.0,0.29000000000000004,-0.18,0.0,0.9286666666666666,0.0,0.0,0.0
0.0,0.0,0.27083333333333337,0.6199970046022827,0.0,0.0,0.7846041768205144,-0.8791666666666667,0.2508333333333333,0.0,1.4725000000000001,-0.6575,0.0,-0.6283333333333333,-0.07166666666666667,0.0,1.1858333333333333,-0.5141666666666667,0.0,0.0,0.17916666666666667,0.05666666666666667,0.5075000000000001,0.33766666666666667,0.0,0.9990000000000001,0.0,0.0,0.0,0.2925,-0.18,0.0,0.9273333333333333,0.0,0.0,0.0
0.0,0.0,0.275,0.6109472715431332,0.0,0.0,0.7916712899897286,-0.8749999999999999,0.24499999999999997,0.0,1.4649999999999999,-0.6549999999999999,0.0,-0.63,-0.06999999999999999,0.0,1.185,-0.515,0.0,0.0,0.175,0.06,0.505,0.33399999999999996,0.0,0.996,0.0,0.0,0.0,0.295,-0.18,0.0,0.9259999999999999,0.0,0.0,0.0
0.0,0.0,0.2791666666666667,0.6018169901222765,0.0,0.0,0.7986340278251133,-0.8708333333333333,0.23916666666666667,0.0,1.4575,-0.6525,0.0,-0.6316666666666666,-0.06833333333333334,0.0,1.1841666666666666,-0.5158333333333334,0.0,0.0,0.17083333333333334,0.06333333333333334,0.5025000000000001,0.33033333333333337,0.0,0.993,0.0,0.0,0.0,0.2975,-0.18,0.0,0.9246666666666666,0.0,0.0,0.0
0.0,0.0,0.2833333333333333,0.5926073640920565,0.0,0.0,0.8054914723470787,-0.8666666666666667,0.23333333333333334,0.0,1.4500000000000002,-0.65,0.0,-0.6333333333333333,-0.06666666666666668,0.0,1.1833333333333333,-0.5166666666666667,0.0,0.0,0.16666666666666669,0.06666666666666667,0.5000000000000001,0.3266666666666667,0.0,0.99,0.0,0.0,0.0,0.30000000000000004,-0.18,0.0,0.9233333333333333,0.0,0.0,0.0
0.0,0.0,0.2875,0.5833196076657503,0.0,0.0,0.812242719458091,-0.8624999999999999,0.22749999999999998,0.0,1.4425,-0.6475,0.0,-0.635,-0.065,0.0,1.1825,-0.5175000000000001,0.0,0.0,0.1625,0.06999999999999999,0.49750000000000005,0.323,0.0,0.9870000000000001,0.0,0.0,0.0,0.3025,-0.18,0.0,0.9219999999999999,0.0,0.0,0.0
0.0,0.0,0.29166666666666663,0.5739549453574838,0.0,0.0,0.8188868790618689,-0.8583333333333332,0.22166666666666665,0.0,1.435,-0.645,0.0,-0.6366666666666666,-0.06333333333333334,0.0,1.1816666666666664,-0.5183333333333333,0.0,0.0,0.15833333333333333,0.07333333333333333,0.495,0.31933333333333336,0.0,0.984,0.0,0.0,0.0,0.305,-0.18,0.0,0.9206666666666665,0.0,0.0,0.0
0.0,0.0,0.2958333333333334,0.5645146118207891,0.0,0.0,0.8254230751807365,-0.8541666666666666,0.21583333333333332,0.0,1.4275000000000002,-0.6425000000000001,0.0,-0.6383333333333333,-0.061666666666666675,0.0,1.1808333333333334,-0.5191666666666668,0.0,0.0,0.15416666666666667,0.07666666666666667,0.49250000000000005,0.3156666666666667,0.0,0.9810000000000001,0.0,0.0,0.0,0.3075,-0.18,0.0,0.9193333333333333,0.0,0.0,0.0
0.0,0.0,0.30000000000000004,0.5549998516858264,0.0,0.0,0.8318504460711136,-0.8499999999999999,0.21,0.0,1.42,-0.64,0.0,-0.6399999999999999,-0.06,0.0,1.18,-0.52,0.0,0.0,0.15,0.08000000000000002,0.49000000000000005,0.312,0.0,0.978,0.0,0.0,0.0,0.31000000000000005,-0.18,0.0,0.9179999999999999,0.0,0.0,0.0
0.0,0.0,0.30416666666666664,0.5454119193952891,0.0,0.0,0.8381681443371292,-0.8458333333333332,0.20416666666666664,0.0,1.4124999999999999,-0.6375,0.0,-0.6416666666666666,-0.05833333333333333,0.0,1.1791666666666665,-0.5208333333333333,0.0,0.0,0.14583333333333331,0.08333333333333334,0.4875,0.3083333333333333,0.0,0.9749999999999999,0.0,0.0,0.0,0.3125,-0.18,0.0,0.9166666666666665,0.0,0.0,0.0
0.0,0.0,0.30833333333333335,0.5357520790390166,0.0,0.0,0.8443753370423436,-0.8416666666666667,0.1983333333333333,0.0,1.405,-0.635,0.0,-0.6433333333333333,-0.05666666666666667,0.0,1.1783333333333332,-0.5216666666666667,0.0,0.0,0.14166666666666666,0.08666666666666667,0.48500000000000004,0.3046666666666667,0.0,0.972,0.0,0.0,0.0,0.315,-0.18,0.0,0.9153333333333333,0.0,0.0,0.0
0.0,0.0,0.3125,0.5260216041873333,0.0,0.0,0.8504712058195647,-0.8374999999999999,0.1925,0.0,1.3975,-0.6325000000000001,0.0,-0.645,-0.05500000000000001,0.0,1.1775,-0.5225000000000001,0.0,0.0,0.1375,0.09000000000000001,0.48250000000000004,0.30100000000000005,0.0,0.9690000000000001,0.0,0.0,0.0,0.3175,-0.18,0.0,0.9139999999999999,0.0,0.0,0.0
0.0,0.0,0.3166666666666667,0.5162217777231402,0.0,0.0,0.8564549469787427,-0.8333333333333333,0.18666666666666665,0.0,1.3900000000000001,-0.63,0.0,-0.6466666666666667,-0.05333333333333334,0.0,1.1766666666666667,-0.5233333333333334,0.0,0.0,0.13333333333333333,0.09333333333333334,0.48,0.29733333333333334,0.0,0.9660000000000001,0.0,0.0,0.0,0.32,-0.18,0.0,0.9126666666666666,0.0,0.0,0.0
0.0,0.0,0.3208333333333333,0.5063538916727762,0.0,0.0,0.8623257716129296,-0.8291666666666666,0.1808333333333333,0.0,1.3824999999999998,-0.6275,0.0,-0.6483333333333332,-0.051666666666666666,0.0,1.1758333333333333,-0.5241666666666667,0.0,0.0,0.12916666666666665,0.09666666666666668,0.47750000000000004,0.29366666666666663,0.0,0.963,0.0,0.0,0.0,0.3225,-0.18,0.0,0.9113333333333332,0.0,0.0,0.0
0.0,0.0,0.325,0.4964192470356763,0.0,0.0,0.8680829057022907,-0.825,0.175,0.0,1.375,-0.625,0.0,-0.6499999999999999,-0.05,0.0,1.1749999999999998,-0.525,0.0,0.0,0.125,0.1,0.47500000000000003,0.29000000000000004,0.0,0.96,0.0,0.0,0.0,0.325,-0.18,0.0,0.9099999999999999,0.0,0.0,0.0
0.0,0.0,0.3291666666666667,0.48641915361284443,0.0,0.0,0.8737255902161525,-0.8208333333333333,0.16916666666666663,0.0,1.3675000000000002,-0.6225,0.0,-0.6516666666666666,-0.04833333333333333,0.0,1.1741666666666668,-0.5258333333333334,0.0,0.0,0.12083333333333332,0.10333333333333335,0.47250000000000003,0.28633333333333333,0.0,0.9570000000000001,0.0,0.0,0.0,0.3275,-0.18,0.0,0.9086666666666667,0.0,0.0,0.0
0.0,0.0,0.3333333333333333,0.47635492983416744,0.0,0.0,0.8792530812130745,-0.8166666666666667,0.16333333333333333,0.0,1.3599999999999999,-0.62,0.0,-0.6533333333333333,-0.04666666666666667,0.0,1.1733333333333333,-0.5266666666666666,0.0,0.0,0.11666666666666667,0.10666666666666667,0.4700000000000001,0.2826666666666667,0.0,0.954,0.0,0.0,0.0,0.33,-0.18,0.0,0.9073333333333333,0.0,0.0,0.0
0.0,0.0,0.3375,0.466227902584591,0.0,0.0,0.884664649938932,-0.8125,0.15749999999999997,0.0,1.3525,-0.6174999999999999,0.0,-0.655,-0.045,0.0,1.1724999999999999,-0.5275000000000001,0.0,0.0,0.11249999999999999,0.11000000000000001,0.4675,0.279,0.0,0.9510000000000001,0.0,0.0,0.0,0.3325,-0.18,0.0,0.9059999999999999,0.0,0.0,0.0
0.0,0.0,0.3416666666666667,0.456039407029181,0.0,0.0,0.889959582922996,-0.8083333333333333,0.15166666666666667,0.0,1.345,-0.615,0.0,-0.6566666666666666,-0.043333333333333335,0.0,1.1716666666666666,-0.5283333333333333,0.0,0.0,0.10833333333333334,0.11333333333333334,0.4650000000000001,0.2753333333333333,0.0,0.948,0.0,0.0,0.0,0.335,-0.18,0.0,0.9046666666666667,0.0,0.0,0.0
0.0,0.0,0.3458333333333333,0.44579078643709213,0.0,0.0,0.8951371820719989,-0.8041666666666666,0.14583333333333331,0.0,1.3375,-0.6125,0.0,-0.6583333333333333,-0.041666666666666664,0.0,1.1708333333333332,-0.5291666666666667,0.0,0.0,0.10416666666666666,0.11666666666666668,0.4625,0.27166666666666667,0.0,0.9450000000000001,0.0,0.0,0.0,0.3375,-0.18,0.0,0.9033333333333333,0.0,0.0,0.0
0.0,0.0,0.35000000000000003,0.4354833920044703,0.0,0.0,0.9001967647621718,-0.8,0.13999999999999999,0.0,1.33,-0.61,0.0,-0.6599999999999999,-0.04000000000000001,0.0,1.17,-0.53,0.0,0.0,0.1,0.12,0.46,0.268,0.0,0.9420000000000001,0.0,0.0,0.0,0.33999999999999997,-0.18,0.0,0.902,0.0,0.0,0.0
0.0,0.0,0.3541666666666667,0.42511858267630726,0.0,0.0,0.9051376639292432,-0.7958333333333333,0.13416666666666666,0.0,1.3224999999999998,-0.6075,0.0,-0.6616666666666666,-0.03833333333333333,0.0,1.1691666666666665,-0.5308333333333334,0.0,0.0,0.09583333333333333,0.12333333333333335,0.4575,0.2643333333333333,0.0,0.939,0.0,0.0,0.0,0.3425,-0.18,0.0,0.9006666666666666,0.0,0.0,0.0
0.0,0.0,0.35833333333333334,0.4146977249672759,0.0,0.0,0.9099592281563859,-0.7916666666666666,0.12833333333333333,0.0,1.315,-0.605,0.0,-0.6633333333333333,-0.036666666666666674,0.0,1.1683333333333332,-0.5316666666666667,0.0,0.0,0.09166666666666667,0.12666666666666668,0.45500000000000007,0.2606666666666667,0.0,0.9359999999999999,0.0,0.0,0.0,0.34500000000000003,-0.18,0.0,0.8993333333333333,0.0,0.0,0.0
0.0,0.0,0.36250000000000004,0.4042221927815657,0.0,0.0,0.9146608217601008,-0.7874999999999999,0.12249999999999998,0.0,1.3074999999999999,-0.6025,0.0,-0.6649999999999999,-0.034999999999999996,0.0,1.1675,-0.5325,0.0,0.0,0.0875,0.13,0.4525,0.257,0.0,0.933,0.0,0.0,0.0,0.34750000000000003,-0.18,0.0,0.8979999999999999,0.0,0.0,0.0
0.0,0.0,0.3666666666666667,0.3936933672317456,0.0,0.0,0.9192418248740263,-0.7833333333333333,0.11666666666666667,0.0,1.3,-0.6000000000000001,0.0,-0.6666666666666666,-0.03333333333333334,0.0,1.1666666666666665,-0.5333333333333334,0.0,0.0,0.08333333333333334,0.13333333333333333,0.45000000000000007,0.25333333333333335,0.0,0.9299999999999999,0.0,0.0,0.0,0.35,-0.18,0.0,0.8966666666666667,0.0,0.0,0.0
0.0,0.0,0.37083333333333335,0.38311263645667487,0.0,0.0,0.9237016335306633,-0.7791666666666666,0.11083333333333333,0.0,1.2925,-0.5975,0.0,-0.6683333333333333,-0.03166666666666667,0.0,1.1658333333333333,-0.5341666666666667,0.0,0.0,0.07916666666666666,0.1366666666666667,0.4475,0.24966666666666668,0.0,0.927,0.0,0.0,0.0,0.35250000000000004,-0.18,0.0,0.8953333333333333,0.0,0.0,0.0
0.0,0.0,0.375,0.3724813954384894,0.0,0.0,0.9280396597410024,-0.7749999999999999,0.10500000000000001,0.0,1.2850000000000001,-0.595,0.0,-0.6699999999999999,-0.030000000000000006,0.0,1.165,-0.535,0.0,0.0,0.07500000000000001,0.13999999999999999,0.445,0.24600000000000002,0.0,0.924,0.0,0.0,0.0,0.355,-0.18,0.0,0.894,0.0,0.0,0.0
0.0,0.0,0.37916666666666665,0.36180104581868366,0.0,0.0,0.9322553315720467,-0.7708333333333333,0.09916666666666665,0.0,1.2774999999999999,-0.5925,0.0,-0.6716666666666666,-0.028333333333333335,0.0,1.1641666666666666,-0.5358333333333334,0.0,0.0,0.07083333333333333,0.14333333333333334,0.4425,0.24233333333333335,0.0,0.921,0.0,0.0,0.0,0.35750000000000004,-0.18,0.0,0.8926666666666667,0.0,0.0,0.0
0.0,0.0,0.3833333333333333,0.3510729957133172,0.0,0.0,0.9363480932222147,-0.7666666666666666,0.09333333333333335,0.0,1.27,-0.5900000000000001,0.0,-0.6733333333333333,-0.026666666666666672,0.0,1.163333333333333,-0.5366666666666666,0.0,0.0,0.06666666666666668,0.14666666666666667,0.44000000000000006,0.23866666666666667,0.0,0.9179999999999999,0.0,0.0,0.0,0.36,-0.18,0.0,0.8913333333333333,0.0,0.0,0.0
0.0,0.0,0.3875,0.3402986595273645,0.0,0.0,0.9403174050946196,-0.7625,0.0875,0.0,1.2625,-0.5875,0.0,-0.6749999999999999,-0.025,0.0,1.1624999999999999,-0.5375000000000001,0.0,0.0,0.0625,0.15000000000000002,0.43750000000000006,0.23500000000000001,0.0,0.915,0.0,0.0,0.0,0.36250000000000004,-0.18,0.0,0.8899999999999999,0.0,0.0,0.0
0.0,0.0,0.3916666666666667,0.32947945776823906,0.0,0.0,0.94416274386821,-0.7583333333333332,0.08166666666666664,0.0,1.255,-0.585,0.0,-0.6766666666666665,-0.02333333333333333,0.0,1.1616666666666666,-0.5383333333333333,0.0,0.0,0.05833333333333332,0.15333333333333335,0.43500000000000005,0.23133333333333334,0.0,0.912,0.0,0.0,0.0,0.365,-0.18,0.0,0.8886666666666666,0.0,0.0,0.0
0.0,0.0,0.3958333333333333,0.31861681685850995,0.0,0.0,0.947883602566766,-0.7541666666666667,0.07583333333333334,0.0,1.2475,-0.5825,0.0,-0.6783333333333333,-0.021666666666666667,0.0,1.1608333333333332,-0.5391666666666667,0.0,0.0,0.05416666666666667,0.15666666666666668,0.43250000000000005,0.22766666666666666,0.0,0.909,0.0,0.0,0.0,0.36750000000000005,-0.18,0.0,0.8873333333333333,0.0,0.0,0.0
0.0,0.0,0.4,0.30771216894784004,0.0,0.0,0.9514794906257391,-0.7499999999999999,0.06999999999999998,0.0,1.2399999999999998,-0.5800000000000001,0.0,-0.6799999999999999,-0.019999999999999997,0.0,1.16,-0.54,0.0,0.0,0.04999999999999999,0.16000000000000003,0.43000000000000005,0.22399999999999998,0.0,0.906,0.0,0.0,0.0,0.37000000000000005,-0.18,0.0,0.886,0.0,0.0,0.0
0.0,0.0,0.4041666666666667,0.2967669517241695,0.0,0.0,0.9549499339569297,-0.7458333333333333,0.06416666666666666,0.0,1.2325,-0.5775,0.0,-0.6816666666666666,-0.018333333333333337,0.0,1.1591666666666667,-0.5408333333333334,0.0,0.0,0.04583333333333334,0.16333333333333333,0.4275,0.22033333333333333,0.0,0.903,0.0,0.0,0.0,0.3725,-0.18,0.0,0.8846666666666667,0.0,0.0,0.0
0.0,0.0,0.4083333333333333,0.28578260822416746,0.0,0.0,0.9582944750109916,-0.7416666666666667,0.05833333333333331,0.0,1.2249999999999999,-0.575,0.0,-0.6833333333333333,-0.016666666666666663,0.0,1.1583333333333332,-0.5416666666666667,0.0,0.0,0.04166666666666666,0.16666666666666669,0.42500000000000004,0.21666666666666665,0.0,0.8999999999999999,0.0,0.0,0.0,0.375,-0.18,0.0,0.8833333333333333,0.0,0.0,0.0
0.0,0.0,0.41250000000000003,0.27476058664298053,0.0,0.0,0.9615126728377558,-0.7375,0.052500000000000005,0.0,1.2175,-0.5725,0.0,-0.6849999999999999,-0.015000000000000003,0.0,1.1575,-0.5425,0.0,0.0,0.037500000000000006,0.17,0.42250000000000004,0.21300000000000002,0.0,0.897,0.0,0.0,0.0,0.37750000000000006,-0.18,0.0,0.8819999999999999,0.0,0.0,0.0
0.0,0.0,0.4166666666666667,0.26370234014329935,0.0,0.0,0.9646041031443665,-0.7333333333333333,0.046666666666666655,0.0,1.21,-0.5700000000000001,0.0,-0.6866666666666666,-0.01333333333333333,0.0,1.1566666666666665,-0.5433333333333334,0.0,0.0,0.033333333333333326,0.17333333333333334,0.42,0.20933333333333332,0.0,0.894,0.0,0.0,0.0,0.38,-0.18,0.0,0.8806666666666666,0.0,0.0,0.0
0.0,0.0,0.42083333333333334,0.2526093266637718,0.0,0.0,0.9675683583512205,-0.7291666666666666,0.04083333333333334,0.0,1.2025,-0.5675,0.0,-0.6883333333333334,-0.01166666666666667,0.0,1.1558333333333333,-0.5441666666666667,0.0,0.0,0.029166666666666674,0.17666666666666667,0.41750000000000004,0.2056666666666667,0.0,0.891,0.0,0.0,0.0,0.3825,-0.18,0.0,0.8793333333333333,0.0,0.0,0.0
0.0,0.0,0.42500000000000004,0.2414830087267852,0.0,0.0,0.9704050476457031,-0.725,0.03499999999999999,0.0,1.1949999999999998,-0.5650000000000001,0.0,-0.69,-0.009999999999999998,0.0,1.1549999999999998,-0.545,0.0,0.0,0.024999999999999994,0.18000000000000002,0.41500000000000004,0.202,0.0,0.888,0.0,0.0,0.0,0.385,-0.18,0.0,0.878,0.0,0.0,0.0
0.0,0.0,0.42916666666666664,0.2303248532456453,0.0,0.0,0.9731137970337138,-0.7208333333333333,0.029166666666666678,0.0,1.1874999999999998,-0.5625,0.0,-0.6916666666666667,-0.008333333333333337,0.0,1.1541666666666666,-0.5458333333333334,0.0,0.0,0.020833333333333343,0.18333333333333335,0.41250000000000003,0.19833333333333333,0.0,0.885,0.0,0.0,0.0,0.38750000000000007,-0.18,0.0,0.8766666666666667,0.0,0.0,0.0
0.0,0.0,0.43333333333333335,0.21913633133117533,0.0,0.0,0.975694249388974,-0.7166666666666667,0.023333333333333327,0.0,1.18,-0.56,0.0,-0.6933333333333334,-0.006666666666666665,0.0,1.1533333333333333,-0.5466666666666667,0.0,0.0,0.016666666666666663,0.18666666666666668,0.41000000000000003,0.19466666666666665,0.0,0.882,0.0,0.0,0.0,0.39,-0.18,0.0,0.8753333333333334,0.0,0.0,0.0
0.0,0.0,0.4375,0.20791891809776278,0.0,0.0,0.9781460645001112,-0.7124999999999999,0.017500000000000016,0.0,1.1724999999999999,-0.5575,0.0,-0.695,-0.0050000000000000044,0.0,1.1524999999999999,-0.5475,0.0,0.0,0.012500000000000011,0.19,0.40750000000000003,0.191,0.0,0.879,0.0,0.0,0.0,0.3925,-0.18,0.0,0.8740000000000001,0.0,0.0,0.0
0.0,0.0,0.44166666666666665,0.196674092468877,0.0,0.0,0.9804689191155136,-0.7083333333333333,0.011666666666666664,0.0,1.1649999999999998,-0.555,0.0,-0.6966666666666667,-0.0033333333333333327,0.0,1.1516666666666666,-0.5483333333333333,0.0,0.0,0.008333333333333331,0.19333333333333336,0.405,0.18733333333333332,0.0,0.876,0.0,0.0,0.0,0.395,-0.18,0.0,0.8726666666666666,0.0,0.0,0.0
0.0,0.0,0.44583333333333336,0.1854033369820861,0.0,0.0,0.9826625069859474,-0.7041666666666666,0.005833333333333351,0.0,1.1575,-0.5525000000000001,0.0,-0.6983333333333333,-0.001666666666666672,0.0,1.1508333333333332,-0.5491666666666668,0.0,0.0,0.00416666666666668,0.19666666666666666,0.4025,0.18366666666666667,0.0,0.873,0.0,0.0,0.0,0.39749999999999996,-0.18,0.0,0.8713333333333333,0.0,0.0,0.0
0.0,0.0,0.45,0.17410813759359595,0.0,0.0,0.9847265389049334,-0.7,0.0,0.0,1.15,-0.55,0.0,-0.7,0.0,0.0,1.15,-0.55,0.0,0.0,0.0,0.2,0.4,0.18,0.0,0.87,0.0,0.0,0.0,0.4,-0.18,0.0,0.87,0.0,0.0,0.0
0.0,0.0,0.4555,0.17123528203034577,0.0,0.0,0.9852301650822451,-0.69,0.0,0.0,1.135833333333333,-0.5441666666666667,0.0,-0.69,0.0,0.0,1.135833333333333,-0.5441666666666667,0.0,0.0,0.0,0.19666666666666666,0.39916666666666667,0.18,0.0,0.8699999999999999,0.0,0.0,0.0,0.39916666666666667,-0.18,0.0,0.8699999999999999,0.0,0.0,0.0
0.0,0.0,0.461,0.16836096977909715,0.0,0.0,0.985725409967219,-0.6799999999999999,0.0,0.0,1.1216666666666666,-0.5383333333333334,0.0,-0.6799999999999999,0.0,0.0,1.1216666666666666,-0.5383333333333334,0.0,0.0,0.0,0.19333333333333336,0.3983333333333334,0.18,0.0,0.87,0.0,0.0,0.0,0.3983333333333334,-0.18,0.0,0.87,0.0,0.0,0.0
0.0,0.0,0.4665,0.1654852252914473,0.0,0.0,0.9862122693468374,-0.6699999999999999,0.0,0.0,1.1074999999999997,-0.5325,0.0,-0.6699999999999999,0.0,0.0,1.1074999999999997,-0.5325,0.0,0.0,0.0,0.19,0.3975,0.18,0.0,0.87,0.0,0.0,0.0,0.3975,-0.18,0.0,0.87,0.0,0.0,0.0
0.0,0.0,0.47200000000000003,0.16260807303117755,0.0,0.0,0.9866907390794175,-0.66,0.0,0.0,1.0933333333333333,-0.5266666666666667,0.0,-0.66,0.0,0.0,1.0933333333333333,-0.5266666666666667,0.0,0.0,0.0,0.18666666666666668,0.39666666666666667,0.18,0.0,0.8700000000000001,0.0,0.0,0.0,0.39666666666666667,-0.18,0.0,0.8700000000000001,0.0,0.0,0.0
0.0,0.0,0.4775,0.1597295374740449,0.0,0.0,0.9871608150946469,-0.6499999999999999,0.0,0.0,1.0791666666666664,-0.5208333333333334,0.0,-0.6499999999999999,0.0,0.0,1.0791666666666664,-0.5208333333333334,0.0,0.0,0.0,0.18333333333333335,0.39583333333333337,0.18,0.0,0.87,0.0,0.0,0.0,0.39583333333333337,-0.18,0.0,0.87,0.0,0.0,0.0
0.0,0.0,0.48300000000000004,0.15684964310757413,0.0,0.0,0.9876224933936179,-0.64,0.0,0.0,1.065,-0.515,0.0,-0.64,0.0,0.0,1.065,-0.515,0.0,0.0,0.0,0.18000000000000002,0.395,0.18,0.0,0.87,0.0,0.0,0.0,0.395,-0.18,0.0,0.87,0.0,0.0,0.0
0.0,0.0,0.48850000000000005,0.1539684144308492,0.0,0.0,0.9880757700488613,-0.63,0.0,0.0,1.050833333333333,-0.5091666666666667,0.0,-0.63,0.0,0.0,1.050833333333333,-0.5091666666666667,0.0,0.0,0.0,0.17666666666666667,0.39416666666666667,0.18,0.0,0.87,0.0,0.0,0.0,0.39416666666666667,-0.18,0.0,0.87,0.0,0.0,0.0
0.0,0.0,0.494,0.15108587595430503,0.0,0.0,0.9885206412043809,-0.62,0.0,0.0,1.0366666666666666,-0.5033333333333334,0.0,-0.62,0.0,0.0,1.0366666666666666,-0.5033333333333334,0.0,0.0,0.0,0.17333333333333334,0.3933333333333333,0.18,0.0,0.87,0.0,0.0,0.0,0.3933333333333333,-0.18,0.0,0.87,0.0,0.0,0.0
0.0,0.0,0.4995,0.14820205219951893,0.0,0.0,0.988957103075685,-0.61,0.0,0.0,1.0225,-0.49750000000000005,0.0,-0.61,0.0,0.0,1.0225,-0.49750000000000005,0.0,0.0,0.0,0.17,0.3925,0.18,0.0,0.8699999999999999,0.0,0.0,0.0,0.3925,-0.18,0.0,0.8699999999999999,0.0,0.0,0.0
0.0,0.0,0.505,0.145316967699002,0.0,0.0,0.9893851519498194,-0.6000000000000001,0.0,0.0,1.0083333333333333,-0.4916666666666667,0.0,-0.6000000000000001,0.0,0.0,1.0083333333333333,-0.4916666666666667,0.0,0.0,0.0,0.16666666666666669,0.3916666666666667,0.18,0.0,0.87,0.0,0.0,0.0,0.3916666666666667,-0.18,0.0,0.87,0.0,0.0,0.0
0.0,0.0,0.5105,0.14243064699599034,0.0,0.0,0.9898047841853986,-0.59,0.0,0.0,0.9941666666666666,-0.4858333333333334,0.0,-0.59,0.0,0.0,0.9941666666666666,-0.4858333333333334,0.0,0.0,0.0,0.16333333333333333,0.3908333333333333,0.18,0.0,0.87,0.0,0.0,0.0,0.3908333333333333,-0.18,0.0,0.87,0.0,0.0,0.0
0.0,0.0,0.516,0.13954311464423647,0.0,0.0,0.9902159962126372,-0.58,0.0,0.0,0.98,-0.4800000000000001,0.0,-0.58,0.0,0.0,0.98,-0.4800000000000001,0.0,0.0,0.0,0.16000000000000003,0.39000000000000007,0.18,0.0,0.8700000000000001,0.0,0.0,0.0,0.39000000000000007,-0.18,0.0,0.8700000000000001,0.0,0.0,0.0
0.0,0.0,0.5215,0.13665439520780026,0.0,0.0,0.9906187845333796,-0.5700000000000001,0.0,0.0,0.9658333333333333,-0.4741666666666667,0.0,-0.5700000000000001,0.0,0.0,0.9658333333333333,-0.4741666666666667,0.0,0.0,0.0,0.15666666666666668,0.38916666666666666,0.18,0.0,0.87,0.0,0.0,0.0,0.38916666666666666,-0.18,0.0,0.87,0.0,0.0,0.0
0.0,0.0,0.527,0.13376451326084005,0.0,0.0,0.9910131457211304,-0.5599999999999999,0.0,0.0,0.9516666666666664,-0.4683333333333334,0.0,-0.5599999999999999,0.0,0.0,0.9516666666666664,-0.4683333333333334,0.0,0.0,0.0,0.15333333333333332,0.3883333333333333,0.18,0.0,0.8699999999999999,0.0,0.0,0.0,0.3883333333333333,-0.18,0.0,0.8699999999999999,0.0,0.0,0.0
0.0,0.0,0.5325,0.13087349338740356,0.0,0.0,0.9913990764210835,-0.5499999999999999,0.0,0.0,0.9374999999999999,-0.4625,0.0,-0.5499999999999999,0.0,0.0,0.9374999999999999,-0.4625,0.0,0.0,0.0,0.15000000000000002,0.38750000000000007,0.18,0.0,0.87,0.0,0.0,0.0,0.38750000000000007,-0.18,0.0,0.87,0.0,0.0,0.0
0.0,0.0,0.538,0.12798136018121886,0.0,0.0,0.9917765733501498,-0.5399999999999999,0.0,0.0,0.9233333333333333,-0.4566666666666667,0.0,-0.5399999999999999,0.0,0.0,0.9233333333333333,-0.4566666666666667,0.0,0.0,0.0,0.1466666666666667,0.3866666666666667,0.18,0.0,0.87,0.0,0.0,0.0,0.3866666666666667,-0.18,0.0,0.87,0.0,0.0,0.0
0.0,0.0,0.5435,0.12508813824548495,0.0,0.0,0.9921456332969866,-0.5299999999999999,0.0,0.0,0.9091666666666666,-0.4508333333333334,0.0,-0.5299999999999999,0.0,0.0,0.9091666666666666,-0.4508333333333334,0.0,0.0,0.0,0.14333333333333334,0.38583333333333336,0.18,0.0,0.8700000000000001,0.0,0.0,0.0,0.38583333333333336,-0.18,0.0,0.8700000000000001,0.0,0.0,0.0
0.0,0.0,0.5489999999999999,0.12219385219266272,0.0,0.0,0.9925062531220232,-0.5199999999999999,0.0,0.0,0.8949999999999999,-0.445,0.0,-0.5199999999999999,0.0,0.0,0.8949999999999999,-0.445,0.0,0.0,0.0,0.13999999999999999,0.38499999999999995,0.18,0.0,0.87,0.0,0.0,0.0,0.38499999999999995,-0.18,0.0,0.87,0.0,0.0,0.0
0.0,0.0,0.5545,0.11929852664426537,0.0,0.0,0.9928584297574894,-0.51,0.0,0.0,0.8808333333333332,-0.4391666666666667,0.0,-0.51,0.0,0.0,0.8808333333333332,-0.4391666666666667,0.0,0.0,0.0,0.1366666666666667,0.3841666666666667,0.18,0.0,0.87,0.0,0.0,0.0,0.3841666666666667,-0.18,0.0,0.87,0.0,0.0,0.0
0.0,0.0,0.56,0.11640218623064898,0.0,0.0,0.99320216020744,-0.5,0.0,0.0,0.8666666666666667,-0.4333333333333334,0.0,-0.5,0.0,0.0,0.8666666666666667,-0.4333333333333334,0.0,0.0,0.0,0.13333333333333336,0.38333333333333336,0.18,0.0,0.8700000000000001,0.0,0.0,0.0,0.38333333333333336,-0.18,0.0,0.8700000000000001,0.0,0.0,0.0
0.0,0.0,0.5655,0.11350485559080307,0.0,0.0,0.9935374415477813,-0.48999999999999994,0.0,0.0,0.8524999999999999,-0.42750000000000005,0.0,-0.48999999999999994,0.0,0.0,0.8524999999999999,-0.42750000000000005,0.0,0.0,0.0,0.13,0.3825,0.18,0.0,0.87,0.0,0.0,0.0,0.3825,-0.18,0.0,0.87,0.0,0.0,0.0
0.0,0.0,0.571,0.110606559372141,0.0,0.0,0.9938642709262956,-0.48,0.0,0.0,0.8383333333333333,-0.42166666666666663,0.0,-0.48,0.0,0.0,0.8383333333333333,-0.42166666666666663,0.0,0.0,0.0,0.12666666666666668,0.3816666666666667,0.18,0.0,0.8699999999999999,0.0,0.0,0.0,0.3816666666666667,-0.18,0.0,0.8699999999999999,0.0,0.0,0.0
0.0,0.0,0.5765,0.10770732223029021,0.0,0.0,0.9941826455626654,-0.47,0.0,0.0,0.8241666666666666,-0.4158333333333334,0.0,-0.47,0.0,0.0,0.8241666666666666,-0.4158333333333334,0.0,0.0,0.0,0.12333333333333335,0.38083333333333336,0.18,0.0,0.87,0.0,0.0,0.0,0.38083333333333336,-0.18,0.0,0.87,0.0,0.0,0.0
0.0,0.0,0.5820000000000001,0.10480716882888248,0.0,0.0,0.9944925627484974,-0.45999999999999996,0.0,0.0,0.8099999999999999,-0.41000000000000003,0.0,-0.45999999999999996,0.0,0.0,0.8099999999999999,-0.41000000000000003,0.0,0.0,0.0,0.12,0.38,0.18,0.0,0.8700000000000001,0.0,0.0,0.0,0.38,-0.18,0.0,0.8700000000000001,0.0,0.0,0.0
0.0,0.0,0.5874999999999999,0.1019061238393442,0.0,0.0,0.9947940198473452,-0.44999999999999996,0.0,0.0,0.7958333333333332,-0.4041666666666667,0.0,-0.44999999999999996,0.0,0.0,0.7958333333333332,-0.4041666666666667,0.0,0.0,0.0,0.11666666666666665,0.37916666666666665,0.18,0.0,0.8699999999999999,0.0,0.0,0.0,0.37916666666666665,-0.18,0.0,0.8699999999999999,0.0,0.0,0.0
0.0,0.0,0.593,0.09900421194068644,0.0,0.0,0.9950870142947318,-0.43999999999999995,0.0,0.0,0.7816666666666666,-0.3983333333333334,0.0,-0.43999999999999995,0.0,0.0,0.7816666666666666,-0.3983333333333334,0.0,0.0,0.0,0.11333333333333334,0.37833333333333335,0.18,0.0,0.87,0.0,0.0,0.0,0.37833333333333335,-0.18,0.0,0.87,0.0,0.0,0.0
0.0,0.0,0.5985,0.09610145781929501,0.0,0.0,0.9953715435981714,-0.43,0.0,0.0,0.7675,-0.39250000000000007,0.0,-0.43,0.0,0.0,0.7675,-0.39250000000000007,0.0,0.0,0.0,0.11000000000000001,0.37750000000000006,0.18,0.0,0.8700000000000001,0.0,0.0,0.0,0.37750000000000006,-0.18,0.0,0.8700000000000001,0.0,0.0,0.0
0.0,0.0,0.6040000000000001,0.0931978861687204,0.0,0.0,0.9956476053371907,-0.42,0.0,0.0,0.7533333333333333,-0.38666666666666666,0.0,-0.42,0.0,0.0,0.7533333333333333,-0.38666666666666666,0.0,0.0,0.0,0.10666666666666667,0.3766666666666667,0.18,0.0,0.87,0.0,0.0,0.0,0.3766666666666667,-0.18,0.0,0.87,0.0,0.0,0.0
0.0,0.0,0.6094999999999999,0.09029352168946787,0.0,0.0,0.9959151971633496,-0.4099999999999999,0.0,0.0,0.7391666666666665,-0.38083333333333336,0.0,-0.4099999999999999,0.0,0.0,0.7391666666666665,-0.38083333333333336,0.0,0.0,0.0,0.10333333333333333,0.37583333333333335,0.18,0.0,0.8699999999999999,0.0,0.0,0.0,0.37583333333333335,-0.18,0.0,0.8699999999999999,0.0,0.0,0.0
0.0,0.0,0.615,0.0873883890887872,0.0,0.0,0.996174316800261,-0.39999999999999997,0.0,0.0,0.725,-0.375,0.0,-0.39999999999999997,0.0,0.0,0.725,-0.375,0.0,0.0,0.0,0.1,0.375,0.18,0.0,0.87,0.0,0.0,0.0,0.375,-0.18,0.0,0.87,0.0,0.0,0.0
0.0,0.0,0.6205,0.08448251308046244,0.0,0.0,0.99642496204361,-0.38999999999999996,0.0,0.0,0.7108333333333332,-0.36916666666666664,0.0,-0.38999999999999996,0.0,0.0,0.7108333333333332,-0.36916666666666664,0.0,0.0,0.0,0.09666666666666666,0.37416666666666665,0.18,0.0,0.87,0.0,0.0,0.0,0.37416666666666665,-0.18,0.0,0.87,0.0,0.0,0.0
0.0,0.0,0.626,0.08157591838460189,0.0,0.0,0.9966671307611729,-0.38,0.0,0.0,0.6966666666666667,-0.3633333333333334,0.0,-0.38,0.0,0.0,0.6966666666666667,-0.3633333333333334,0.0,0.0,0.0,0.09333333333333334,0.3733333333333333,0.18,0.0,0.87,0.0,0.0,0.0,0.3733333333333333,-0.18,0.0,0.87,0.0,0.0,0.0
0.0,0.0,0.6315000000000001,0.07866862972742757,0.0,0.0,0.9969008208928353,-0.36999999999999994,0.0,0.0,0.6825,-0.35750000000000004,0.0,-0.36999999999999994,0.0,0.0,0.6825,-0.35750000000000004,0.0,0.0,0.0,0.09,0.3725,0.18,0.0,0.87,0.0,0.0,0.0,0.3725,-0.18,0.0,0.87,0.0,0.0,0.0
0.0,0.0,0.637,0.07576067184106508,0.0,0.0,0.9971260304506098,-0.36,0.0,0.0,0.6683333333333332,-0.3516666666666667,0.0,-0.36,0.0,0.0,0.6683333333333332,-0.3516666666666667,0.0,0.0,0.0,0.08666666666666667,0.37166666666666665,0.18,0.0,0.87,0.0,0.0,0.0,0.37166666666666665,-0.18,0.0,0.87,0.0,0.0,0.0
0.0,0.0,0.6425000000000001,0.07285206946333303,0.0,0.0,0.9973427575186525,-0.35,0.0,0.0,0.6541666666666666,-0.3458333333333333,0.0,-0.35,0.0,0.0,0.6541666666666666,-0.3458333333333333,0.0,0.0,0.0,0.08333333333333333,0.37083333333333335,0.18,0.0,0.8700000000000001,0.0,0.0,0.0,0.37083333333333335,-0.18,0.0,0.8700000000000001,0.0,0.0,0.0
0.0,0.0,0.648,0.06994284733753275,0.0,0.0,0.9975510002532796,-0.33999999999999997,0.0,0.0,0.6399999999999999,-0.34,0.0,-0.33999999999999997,0.0,0.0,0.6399999999999999,-0.34,0.0,0.0,0.0,0.08000000000000002,0.37,0.18,0.0,0.8700000000000001,0.0,0.0,0.0,0.37,-0.18,0.0,0.8700000000000001,0.0,0.0,0.0
0.0,0.0,0.6535,0.0670330302122377,0.0,0.0,0.9977507568829829,-0.32999999999999996,0.0,0.0,0.6258333333333332,-0.3341666666666667,0.0,-0.32999999999999996,0.0,0.0,0.6258333333333332,-0.3341666666666667,0.0,0.0,0.0,0.07666666666666666,0.36916666666666664,0.18,0.0,0.8699999999999999,0.0,0.0,0.0,0.36916666666666664,-0.18,0.0,0.8699999999999999,0.0,0.0,0.0
0.0,0.0,0.659,0.06412264284108293,0.0,0.0,0.9979420257084451,-0.32,0.0,0.0,0.6116666666666667,-0.32833333333333337,0.0,-0.32,0.0,0.0,0.6116666666666667,-0.32833333333333337,0.0,0.0,0.0,0.07333333333333335,0.36833333333333335,0.18,0.0,0.8699999999999999,0.0,0.0,0.0,0.36833333333333335,-0.18,0.0,0.8699999999999999,0.0,0.0,0.0
0.0,0.0,0.6645,0.06121170998255459,0.0,0.0,0.9981248051025541,-0.30999999999999994,0.0,0.0,0.5974999999999999,-0.3225,0.0,-0.30999999999999994,0.0,0.0,0.5974999999999999,-0.3225,0.0,0.0,0.0,0.06999999999999999,0.36749999999999994,0.18,0.0,0.87,0.0,0.0,0.0,0.36749999999999994,-0.18,0.0,0.87,0.0,0.0,0.0
0.0,0.0,0.67,0.05830025639977923,0.0,0.0,0.9982990935104169,-0.3,0.0,0.0,0.5833333333333334,-0.3166666666666667,0.0,-0.3,0.0,0.0,0.5833333333333334,-0.3166666666666667,0.0,0.0,0.0,0.06666666666666668,0.3666666666666667,0.18,0.0,0.87,0.0,0.0,0.0,0.3666666666666667,-0.18,0.0,0.87,0.0,0.0,0.0
0.0,0.0,0.6755,0.05538830686031316,0.0,0.0,0.9984648894493726,-0.29,0.0,0.0,0.5691666666666666,-0.31083333333333335,0.0,-0.29,0.0,0.0,0.5691666666666666,-0.31083333333333335,0.0,0.0,0.0,0.06333333333333334,0.36583333333333334,0.18,0.0,0.87,0.0,0.0,0.0,0.36583333333333334,-0.18,0.0,0.87,0.0,0.0,0.0
0.0,0.0,0.6809999999999999,0.0524758861359318,0.0,0.0,0.9986221915090054,-0.28,0.0,0.0,0.555,-0.30500000000000005,0.0,-0.28,0.0,0.0,0.555,-0.30500000000000005,0.0,0.0,0.0,0.06000000000000001,0.365,0.18,0.0,0.87,0.0,0.0,0.0,0.365,-0.18,0.0,0.87,0.0,0.0,0.0
0.0,0.0,0.6865000000000001,0.04956301900241886,0.0,0.0,0.9987709983511565,-0.26999999999999996,0.0,0.0,0.5408333333333333,-0.2991666666666667,0.0,-0.26999999999999996,0.0,0.0,0.5408333333333333,-0.2991666666666667,0.0,0.0,0.0,0.05666666666666667,0.36416666666666664,0.18,0.0,0.8700000000000001,0.0,0.0,0.0,0.36416666666666664,-0.18,0.0,0.8700000000000001,0.0,0.0,0.0
0.0,0.0,0.692,0.04664973023935568,0.0,0.0,0.9989113087099352,-0.26,0.0,0.0,0.5266666666666666,-0.29333333333333333,0.0,-0.26,0.0,0.0,0.5266666666666666,-0.29333333333333333,0.0,0.0,0.0,0.053333333333333344,0.36333333333333334,0.18,0.0,0.8699999999999999,0.0,0.0,0.0,0.36333333333333334,-0.18,0.0,0.8699999999999999,0.0,0.0,0.0
0.0,0.0,0.6975,0.04373604462991031,0.0,0.0,0.9990431213917298,-0.25,0.0,0.0,0.5125,-0.28750000000000003,0.0,-0.25,0.0,0.0,0.5125,-0.28750000000000003,0.0,0.0,0.0,0.05,0.36249999999999993,0.18,0.0,0.87,0.0,0.0,0.0,0.36249999999999993,-0.18,0.0,0.87,0.0,0.0,0.0
0.0,0.0,0.7030000000000001,0.04082198696062682,0.0,0.0,0.999166435275218,-0.23999999999999994,0.0,0.0,0.4983333333333333,-0.2816666666666667,0.0,-0.23999999999999994,0.0,0.0,0.4983333333333333,-0.2816666666666667,0.0,0.0,0.0,0.04666666666666666,0.36166666666666664,0.18,0.0,0.87,0.0,0.0,0.0,0.36166666666666664,-0.18,0.0,0.87,0.0,0.0,0.0
0.0,0.0,0.7085,0.03790758202121435,0.0,0.0,0.9992812493113763,-0.23,0.0,0.0,0.48416666666666663,-0.2758333333333334,0.0,-0.23,0.0,0.0,0.48416666666666663,-0.2758333333333334,0.0,0.0,0.0,0.043333333333333335,0.36083333333333334,0.18,0.0,0.87,0.0,0.0,0.0,0.36083333333333334,-0.18,0.0,0.87,0.0,0.0,0.0
0.0,0.0,0.7140000000000001,0.03499285460433618,0.0,0.0,0.9993875625234886,-0.21999999999999997,0.0,0.0,0.4699999999999999,-0.27,0.0,-0.21999999999999997,0.0,0.0,0.4699999999999999,-0.27,0.0,0.0,0.0,0.039999999999999994,0.36,0.18,0.0,0.87,0.0,0.0,0.0,0.36,-0.18,0.0,0.87,0.0,0.0,0.0
0.0,0.0,0.7195,0.032077829505398996,0.0,0.0,0.999485374007155,-0.21,0.0,0.0,0.4558333333333333,-0.26416666666666666,0.0,-0.21,0.0,0.0,0.4558333333333333,-0.26416666666666666,0.0,0.0,0.0,0.036666666666666674,0.3591666666666667,0.18,0.0,0.87,0.0,0.0,0.0,0.3591666666666667,-0.18,0.0,0.87,0.0,0.0,0.0
0.0,0.0,0.725,0.02916253152234174,0.0,0.0,0.9995746829302993,-0.19999999999999996,0.0,0.0,0.4416666666666666,-0.25833333333333336,0.0,-0.19999999999999996,0.0,0.0,0.4416666666666666,-0.25833333333333336,0.0,0.0,0.0,0.033333333333333326,0.35833333333333334,0.18,0.0,0.8699999999999999,0.0,0.0,0.0,0.35833333333333334,-0.18,0.0,0.8699999999999999,0.0,0.0,0.0
0.0,0.0,0.7305,0.026246985455424858,0.0,0.0,0.999655488533176,-0.19,0.0,0.0,0.4275,-0.25250000000000006,0.0,-0.19,0.0,0.0,0.4275,-0.25250000000000006,0.0,0.0,0.0,0.030000000000000006,0.3575,0.18,0.0,0.8699999999999999,0.0,0.0,0.0,0.3575,-0.18,0.0,0.8699999999999999,0.0,0.0,0.0
0.0,0.0,0.736,0.02333121610701914,0.0,0.0,0.9997277901283766,-0.18,0.0,0.0,0.41333333333333333,-0.24666666666666665,0.0,-0.18,0.0,0.0,0.41333333333333333,-0.24666666666666665,0.0,0.0,0.0,0.02666666666666666,0.3566666666666667,0.18,0.0,0.87,0.0,0.0,0.0,0.3566666666666667,-0.18,0.0,0.87,0.0,0.0,0.0
0.0,0.0,0.7414999999999999,0.020415248281394894,0.0,0.0,0.9997915871008363,-0.17,0.0,0.0,0.39916666666666667,-0.24083333333333334,0.0,-0.17,0.0,0.0,0.39916666666666667,-0.24083333333333334,0.0,0.0,0.0,0.02333333333333334,0.35583333333333333,0.18,0.0,0.87,0.0,0.0,0.0,0.35583333333333333,-0.18,0.0,0.87,0.0,0.0,0.0
0.0,0.0,0.7470000000000001,0.0174991067845108,0.0,0.0,0.9998468789078377,-0.15999999999999998,0.0,0.0,0.385,-0.23500000000000001,0.0,-0.15999999999999998,0.0,0.0,0.385,-0.23500000000000001,0.0,0.0,0.0,0.019999999999999997,0.355,0.18,0.0,0.87,0.0,0.0,0.0,0.355,-0.18,0.0,0.87,0.0,0.0,0.0
0.0,0.0,0.7525,0.014582816423803014,0.0,0.0,0.9998936650790171,-0.15000000000000002,0.0,0.0,0.37083333333333335,-0.2291666666666667,0.0,-0.15000000000000002,0.0,0.0,0.37083333333333335,-0.2291666666666667,0.0,0.0,0.0,0.016666666666666673,0.35416666666666663,0.18,0.0,0.87,0.0,0.0,0.0,0.35416666666666663,-0.18,0.0,0.87,0.0,0.0,0.0
0.0,0.0,0.7580000000000001,0.011666402007973992,0.0,0.0,0.9999319452163674,-0.13999999999999999,0.0,0.0,0.35666666666666663,-0.22333333333333333,0.0,-0.13999999999999999,0.0,0.0,0.35666666666666663,-0.22333333333333333,0.0,0.0,0.0,0.01333333333333333,0.35333333333333333,0.18,0.0,0.87,0.0,0.0,0.0,0.35333333333333333,-0.18,0.0,0.87,0.0,0.0,0.0
0.0,0.0,0.7635000000000001,0.008749888346781597,0.0,0.0,0.9999617189942417,-0.13000000000000003,0.0,0.0,0.3425,-0.21750000000000003,0.0,-0.13000000000000003,0.0,0.0,0.3425,-0.21750000000000003,0.0,0.0,0.0,0.010000000000000009,0.3525,0.18,0.0,0.8700000000000001,0.0,0.0,0.0,0.3525,-0.18,0.0,0.8700000000000001,0.0,0.0,0.0
0.0,0.0,0.769,0.005833300250827889,0.0,0.0,0.9999829861593564,-0.12000000000000001,0.0,0.0,0.3283333333333333,-0.2116666666666667,0.0,-0.12000000000000001,0.0,0.0,0.3283333333333333,-0.2116666666666667,0.0,0.0,0.0,0.006666666666666665,0.3516666666666666,0.18,0.0,0.87,0.0,0.0,0.0,0.3516666666666666,-0.18,0.0,0.87,0.0,0.0,0.0
0.0,0.0,0.7745000000000001,0.0029166625313482184,0.0,0.0,0.9999957465307932,-0.11000000000000003,0.0,0.0,0.3141666666666667,-0.20583333333333334,0.0,-0.11000000000000003,0.0,0.0,0.3141666666666667,-0.20583333333333334,0.0,0.0,0.0,0.003333333333333344,0.35083333333333333,0.18,0.0,0.87,0.0,0.0,0.0,0.35083333333333333,-0.18,0.0,0.87,0.0,0.0,0.0
0.0,0.0,0.78,0.0,0.0,0.0,1.0,-0.1,0.0,0.0,0.3,-0.2,0.0,-0.1,0.0,0.0,0.3,-0.2,0.0,0.0,0.0,0.0,0.35,0.18,0.0,0.87,0.0,0.0,0.0,0.35,-0.18,0.0,0.87,0.0,0.0,0.0
